AUG,Met
GUG,Met
UUC,Met
UUA,Met
UUG,Met
UUU,Phe
UUC,Phe
CUU,Leu
CUA,Leu
CUU,Leu	
CUC,Leu
CUG,Leu
AUU,Ile
AUC,Ile
AUA,Ile
GUU,Val
GUC,Val
GUA,Val
GUG,Val
AGU,Ser
AGC,Ser
UCC,Ser
UCA,Ser
UCG,Ser
UCU,Ser
CCU,Pro
CCA,Pro
CCG,Pro
ACU,Thr
ACC,Thr
ACG,Thr
ACA,Thr
GCU,Ala
GCC,Ala
GCA,Ala
GCG,Ala
UAU,Tyr
UAC,Tyr
CAU,His
CAC,His
CAG,Gln
CAA,Gln
AAU,Asn
AAC,Asn
AAA,Lys
AAG,Lys
GAU,Asp
GAC,Asp
GAA,Glu
GAG,Glu
UGU,Cys
UGC,Cys
UGG,Trp
CGA,Arg
CGG,Arg
CGU,Arg
CGC,Arg
AGA,Arg
AGG,Arg
GGA,Gly
GGC,Gly
GGU,Gly
GGG,Gly
UAG,STOP
UAA,STOP
UGA,STOP